{"cameraMode":{"drawMode":0,"name":"Shaded","section":"Shading Mode"},"sceneLighting":false,"audioPlay":false,"sceneViewState":{"m_AlwaysRefresh":false,"showFog":true,"showSkybox":false,"showFlares":true,"showImageEffects":true,"showParticleSystems":true,"showVisualEffectGraphs":true,"m_FxEnabled":true},"in2DMode":false,"pivot":{"x":0.14102673530578614,"y":6.451943397521973,"z":48.691253662109378},"rotation":{"x":-0.06434904038906098,"y":-0.11111954599618912,"z":0.007364269345998764,"w":-0.9917458891868591},"size":3.6972784996032717,"orthographic":false}